{"meta":{"title":"大湾区金融俱乐部","subtitle":"","description":"","author":"Frank Lin","url":"https://finan.club","root":"/"},"pages":[],"posts":[{"title":"量化交易之父西蒙斯传记读书笔记","slug":"西蒙斯传记读书笔记","date":"2021-01-17T07:48:38.000Z","updated":"2021-01-22T05:56:54.864Z","comments":true,"path":"2021/4c8cadbf6f63/","link":"","permalink":"https://finan.club/2021/4c8cadbf6f63/","excerpt":"","text":"2019年上市的一本关于量化交易界的鼻祖级人物西蒙斯的传记《The Man Who Solved the Market: How Jim Simons Launched the Quant Revolution》，在2020年有了台湾翻译版本《洞悉市場的人：量化交易之父吉姆‧西蒙斯與文藝復興公司的故事》，花了两天时间通读了一遍，有一些感悟，在这里分享一下。 由于是台湾版本，翻译上跟大陆有一些不一样，比如『对冲基金』叫『 避险基金』，『美联储』叫『联准会』，『彼得林奇』是『林区』，『江恩』是『甘氏』等等，所以习惯大陆译法的读者要多留心，不然读起来就会丢失很多信息。 关于这本书讲解的西蒙斯的生平，网上已经有不少了，B站上也有很多西蒙斯的访谈，这里就不再赘述，简单的概括一下就是，西蒙斯是数学天才，三十多岁拿到维布伦奖后离开学术界进入华尔街，创立了基于数理统计和计算机科学的量化交易公司文艺复兴，多年来在各种交易品类比如商品期货、债券、外汇、股票、衍生品的交易中所向披靡，收益率到现在都是华尔街绝对领先。其方法是高度商业机密，这本书的作者自然是无法得到这机密的，所以我认为作为读者去研究书中讲述的交易模型是没有意义的，思考西蒙斯超越时代的做法在当今能否为我们所用才是关键。我梳理了以下4点： 真正有效的量化策略一定是隐秘的： 书中提到了西蒙斯对于策略保密的内外两种完全相反的做法，对内鼓励公司内部的研究人员分享、探讨和合作，对外是严格保密，需要员工签署极其严苛的保密协议。 书中提到，研究人员很多是数学家和计算机科学家，这些人通常比较内向，习惯的工作方式是自己一个人研究，而西蒙斯具备数学家中罕见的善于交际的领袖型人格，能让这些内向的聪明人团队协作，不停的改进单一交易系统和多因子交易策略，带来了1+1&gt;2的效果，而这也伴随着机密泄露的风险，策略一旦泄露就会失效，所以他也会各种威逼利诱加严苛条款来控制这种风险。 看到这里，我觉得大家不用去买目前能买到的所谓量化基金了，要么是挂羊头卖狗肉，要么就是水平不济，真正头部量化基金公司，像西蒙斯的文艺复兴，已经不伺候客户了，只管自己的钱。书中也提到那些已经公开的研究表明量化策略并没有很好的效果，一边是印钞机般的头部量化基金公司，一边是表现平平无奇的公募量化和研究报告，你认为量化是有效还是无效？ 获取大数据的机会在21世纪是相对公平的 书中提到了文艺复兴对于数据的渴求，这一点大家都能理解，西蒙斯起家是FICC而不是股票，我的理解是FICC的数据比股票的数据要更好获取一些，影响股票的数据更庞杂，这应该也是他们花了好多年的时间才建立起成熟的股票交易系统的原因。 到现在这个时代获取数据的机会更加公平了。互联网社交和电子商务发展多年，已经包含了能描述社会经济活动的各种数据，只要掌握了爬虫技术，是能够掌握到有价值的数据的，还有各种数据服务的价格也不是遥不可攀。 当然数据不是拿来就可以用，清洗、维护和更新数据是做研究前的一个非常重要的步骤，需要消耗一定的人力和机器成本，因此单打独斗显然是不适合的，机构化的运作才是科学的，这也是散户越来越难以战胜专业机构的又一个因素，不是说技术很强就可以。 机器学习的黑箱也可能是银弹 人工智能公司在2020年迎来了一次破产潮，无法变现是表面因素，我认为本质上是因为机器学习的黑箱属性在商业上是一把双刃剑。模型和计算结果难以解释，就会无法调教和改进，因此人工智能目前就只能局限在图像识别、配送订单、翻译等容易解释的领域。但在量化交易，这种黑箱属性也有可能是银弹。 书中提到文艺复兴的有效策略和交易信号里面有三分之一是无法解释的，因为容易解释的其他竞争对手也能发现，而当策略趋同时，策略就会逐渐失效。文艺复兴早早就采用了类似现在机器学习的方法，让交易程序能够随着市场变化调整策略，因此总是能够发现一些当前无法解释的信号，文艺复兴公司会大胆采用一部分这样的交易信号进行交易，结果获利颇丰。 这里对我的启发就是统计套利的结果应该大胆启用，无需纠结时效问题，比如定期通过遗传规划批量产生类似worldquant 101 alpha的因子，那么策略就是与时俱进的，如果你也有相同的感悟，可以和我探讨。 小资金要快速成长更需要量化 书中提到文艺复兴的交易频率是偏高的，因此带来的摩擦成本是巨大的，从基金规模上来看，大奖章与巴菲特、索罗斯、达里奥等老派的投资大咖运营的基金还是有不小的差距，说明量化更适合小资金快速成长。大资金做价值投资更合适，因为几百上千亿美金的大基金的摩擦成本太高，对市场波动影响太大。文艺复兴的交易程序将资金分散在几千个股票以及FICC上，想必也是为了分散对市场波动的影响，因为主动改变走势必然会影响统计套利的成功率，当然这也只是我的猜测，说不定他们也有主动改变市场趋势的策略。 但总的来说，小资金做跟随（无论是动量还是反转）肯定是比大资金要容易的多，综合以上几点上，小团队小资金在这个容易获取数据和机器学习大发展的时代，是有机会做出很好量化交易程序的。 这本书的传记属性比较强，当成小说看看即可，千万不要把书当成量化方面的书籍，其实量化交易也没有什么神秘的，西蒙斯成功的关键不在于量化，而是汇集和调配最强大脑的身份和能力。大陆的译本目前还没有出来，想先试看台译版的，点击链接，提取码: h54u ,欢迎探讨。","categories":[{"name":"读书","slug":"读书","permalink":"https://finan.club/categories/%E8%AF%BB%E4%B9%A6/"}],"tags":[]},{"title":"居住地办理香港银行卡","slug":"居住地办理香港银行卡","date":"2021-01-17T06:41:03.000Z","updated":"2021-01-17T06:41:03.000Z","comments":true,"path":"2021/9cdf715ba4c6/","link":"","permalink":"https://finan.club/2021/9cdf715ba4c6/","excerpt":"","text":"搜集了三十多个城市办理香港卡的一些方式（按首字母排序），由于资料来源网络，真实性不保证，有需要的朋友自己联系核实。 北京成都重庆长沙大连福州佛山广州杭州合肥海口哈尔滨昆明兰州南京宁波南昌南宁青岛深圳上海苏州沈阳石家庄台州天津温州无锡厦门西安香港镇江珠海","categories":[{"name":"资讯","slug":"资讯","permalink":"https://finan.club/categories/%E8%B5%84%E8%AE%AF/"}],"tags":[]},{"title":"海外银行卡办理：硅谷银行NEMOFI","slug":"海外银行卡办理：硅谷银行NEMOFI","date":"2021-01-16T07:57:11.000Z","updated":"2021-01-16T07:57:11.000Z","comments":true,"path":"2021/2173ad777f68/","link":"","permalink":"https://finan.club/2021/2173ad777f68/","excerpt":"","text":"成立于美国硅谷Palo Alto,资金来自硅谷知名投资机构Plug &amp; Play、Oriza Ventures,前者曾投资过Google、Dropbox、N26等公司。NEMOFI与美国、澳洲多家银行合作,为用户提供无国界的金融服务。 免SSN开户,只要有内地身份证,就可以拥有美元离岸账户,轻松入金。 小贴士:如有SSN尽量在线开户在美国本土银行,资产安全由FDIC保护, 什么是FDIC呢?存款25万美金以内由美国联邦政府担保和保险公司索赔;免SSN开户虽然开户快,无最低存款要求,但是他们毕竟是澳洲的合作银行,有一定安全性风险。所以大家仅将NEMOFI作为一个跳板中转站即可,钱收到后马上全部转入券商账户比较有保障。 二、账户费用 开户费:$0 月租费:$0 (有SSN)、$10 (无SSN) 三、转账手续费用 行内转账:$0 国内ACH: $1 (有SSN)、不支持 (无SSN) 国际电汇WIRE: $5 (有SSN)、$30 (无SSN) 四、开户流程1、下载app 在苹果商店Appstore直接搜索: “尼莫”或“NEMOFI” 邀请码 EACA59 2、输入手机号获取验证码 3、选择”我没有SSN“开户 邀请码填写EACA59 会有$30美金奖励 4.上传身份证 5.确认身份证识别信息与实际情况一致 6.提交有效银行卡信息与常用邮箱 小贴士：必须填写开设银联卡时相关联的手机号哦 7、填写职业等信息 小贴士：根据职业收入情况精准匹配理财投资信息 8.上传个人面部照片 9.录制视频回答问题 小贴士:这里比较烦，45秒内回答完问题，据说是合规银行必须要求做KYC和AML 10.签名确认开户 小贴士：通常24小时内就可以审核成功 五、入金至NEMOFI1.钱包界面点击收款 2.选择境外收款人，根据收款信息进行汇款 小贴士:汇款完成后点击“通知银行收款” 3.填写通知收款所需信息，上传转账截图 小贴士：这个必须填写，第一时间通知美元清算银行 六. 入金至券商账户1、钱包页面选择【转账】-&gt;【行外收款人】，进入转账流程 2、以老虎为例，【我的账户】选择【存入资金】选择【存入美元USD】选择【其他境外银行账户】，将券商的入金收款信息填入NEMO【转账】下【行外收款人】信息3、将转账记录上传至老虎证券APP 小贴士:入金完成，真香！ 免责声明： 文章内容及素材均来自NEMOFI官方，本站不对文中内容的真实性和准确性负责！ 本文不作为投资依据及其他任何依据！","categories":[{"name":"资讯","slug":"资讯","permalink":"https://finan.club/categories/%E8%B5%84%E8%AE%AF/"}],"tags":[]}],"categories":[{"name":"读书","slug":"读书","permalink":"https://finan.club/categories/%E8%AF%BB%E4%B9%A6/"},{"name":"资讯","slug":"资讯","permalink":"https://finan.club/categories/%E8%B5%84%E8%AE%AF/"}],"tags":[]}